Workbook

Sheet 表1
A1: 城市 | B1: 年份 | C1: 电子商务采购额 | D1: 行政区划 | E1: id
A2: 北京 | B2: 2014 | C2: 7563.91 | D2: =VLOOKUP(表1_[[#This Row],[城市]],Sheet2!A:B,2,0) -> 110000 | E2: =表1_[[#This Row],[年份]]+表1_[[#This Row],[行政区划]] -> 112014
A3: 北京 | B3: 2015 | C3: 9534.13 | D3: =VLOOKUP(表1_[[#This Row],[城市]],Sheet2!A:B,2,0) -> 110000 | E3: =表1_[[#This Row],[年份]]+表1_[[#This Row],[行政区划]] -> 112015
A4: 北京 | B4: 2016 | C4: 9340.64 | D4: =VLOOKUP(表1_[[#This Row],[城市]],Sheet2!A:B,2,0) -> 110000 | E4: =表1_[[#This Row],[年份]]+表1_[[#This Row],[行政区划]] -> 112016
A5: 北京 | B5: 2017 | C5: 11055.83 | D5: =VLOOKUP(表1_[[#This Row],[城市]],Sheet2!A:B,2,0) -> 110000 | E5: =表1_[[#This Row],[年份]]+表1_[[#This Row],[行政区划]] -> 112017
A6: 北京 | B6: 2018 | C6: 10623.59 | D6: =VLOOKUP(表1_[[#This Row],[城市]],Sheet2!A:B,2,0) -> 110000 | E6: =表1_[[#This Row],[年份]]+表1_[[#This Row],[行政区划]] -> 112018
A7: 北京 | B7: 2019 | C7: 13420.45 | D7: =VLOOKUP(表1_[[#This Row],[城市]],Sheet2!A:B,2,0) -> 110000 | E7: =表1_[[#This Row],[年份]]+表1_[[#This Row],[行政区划]] -> 112019
A8: 北京 | B8: 2020 | C8: 15296.4 | D8: =VLOOKUP(表1_[[#This Row],[城市]],Sheet2!A:B,2,0) -> 110000 | E8: =表1_[[#This Row],[年份]]+表1_[[#This Row],[行政区划]] -> 112020
A9: 北京 | B9: 2021 | C9: 16856.19 | D9: =VLOOKUP(表1_[[#This Row],[城市]],Sheet2!A:B,2,0) -> 110000 | E9: =表1_[[#This Row],[年份]]+表1_[[#This Row],[行政区划]] -> 112021
A10: 北京 | B10: 2022 | C10: 21284.86 | D10: =VLOOKUP(表1_[[#This Row],[城市]],Sheet2!A:B,2,0) -> 110000 | E10: =表1_[[#This Row],[年份]]+表1_[[#This Row],[行政区划]] -> 112022
A11: 北京 | B11: 2023 | C11: 22713.04 | D11: =VLOOKUP(表1_[[#This Row],[城市]],Sheet2!A:B,2,0) -> 110000 | E11: =表1_[[#This Row],[年份]]+表1_[[#This Row],[行政区划]] -> 112023
A12: 天津 | B12: 2014 | C12: 1400.55 | D12: =VLOOKUP(表1_[[#This Row],[城市]],Sheet2!A:B,2,0) -> 120000 | E12: =表1_[[#This Row],[年份]]+表1_[[#This Row],[行政区划]] -> 122014
A13: 天津 | B13: 2015 | C13: 2068.35 | D13: =VLOOKUP(表1_[[#This Row],[城市]],Sheet2!A:B,2,0) -> 120000 | E13: =表1_[[#This Row],[年份]]+表1_[[#This Row],[行政区划]] -> 122015
... A301: 新疆 | B301: 2023 | C301: 2505.32 | D301: =VLOOKUP(表1_[[#This Row],[城市]],Sheet2!A:B,2,0) -> 650000 | E301: =表1_[[#This Row],[年份]]+表1_[[#This Row],[行政区划]] -> 652023

Sheet Sheet2
A1: 省份 | B1: 行政区划代码
A2: 北京 | B2: 110000
A3: 天津 | B3: 120000
A4: 河北 | B4: 130000
A5: 山西 | B5: 140000
A6: 内蒙古 | B6: 150000
A7: 辽宁 | B7: 210000
A8: 吉林 | B8: 220000
A9: 黑龙江 | B9: 230000
A10: 上海 | B10: 310000
A11: 江苏 | B11: 320000
A12: 浙江 | B12: 330000
A13: 安徽 | B13: 340000
... A31: 新疆 | B31: 650000

Sheet Sheet1
A1: 城市 | B1: 2014 | C1: 2015 | D1: 2016 | E1: 2017 | F1: 2018 | G1: 2019 | H1: 2020 | I1: 2021 | J1: 2022 | K1: 2023
A2: 北京 | B2: 7563.91 | C2: 9534.13 | D2: 9340.64 | E2: 11055.83 | F2: 10623.59 | G2: 13420.45 | H2: 15296.4 | I2: 16856.19 | J2: 21284.86 | K2: 22713.04
A3: 天津 | B3: 1400.55 | C3: 2068.35 | D3: 1434.81 | E3: 1766.44 | F3: 1906.31 | G3: 2346.38 | H3: 2404 | I3: 2437.47 | J3: 4385.81 | K3: 4556.84
A4: 河北 | B4: 1118.41 | C4: 863.49 | D4: 1045.53 | E4: 2842.59 | F4: 1971.41 | G4: 1925.99 | H4: 1717.6 | I4: 2265.51 | J4: 2061.03 | K4: 1979.59
A5: 山西 | B5: 392.95 | C5: 380.38 | D5: 621.37 | E5: 733.02 | F5: 922.06 | G5: 1342.86 | H5: 928.4 | I5: 1619.02 | J5: 1768.86 | K5: 2206.33
A6: 内蒙古 | B6: 214.6 | C6: 910.66 | D6: 1026.94 | E6: 1074.86 | F6: 1258.35 | G6: 1631.26 | H6: 2013.7 | I6: 2845.3 | J6: 2863.84 | K6: 2198.36
A7: 辽宁 | B7: 976.95 | C7: 1107.62 | D7: 1058.28 | E7: 1135.01 | F7: 2264.16 | G7: 2570.28 | H7: 2646.9 | I7: 2870.64 | J7: 3438.34 | K7: 4025.08
A8: 吉林 | B8: 250.07 | C8: 263.05 | D8: 236.09 | E8: 255.15 | F8: 288.37 | G8: 288.92 | H8: 346.7 | I8: 348.96 | J8: 331.24 | K8: 1247.33
A9: 黑龙江 | B9: 643.96 | C9: 120.66 | D9: 238.9 | E9: 417.31 | F9: 310.84 | G9: 314.88 | H9: 367.8 | I9: 610.41 | J9: 676 | K9: 573.84
A10: 上海 | B10: 6633 | C10: 6119.8 | D10: 8175.78 | E10: 8814.22 | F10: 9664.4 | G10: 11367.51 | H10: 14097.3 | I10: 19284.3 | J10: 24329.03 | K10: 38057.2
A11: 江苏 | B11: 4677.66 | C11: 4315.33 | D11: 4406.27 | E11: 5227.24 | F11: 6534.76 | G11: 7417.99 | H11: 7713 | I11: 7234.18 | J11: 10566.52 | K11: 13372.83
A12: 浙江 | B12: 1770.45 | C12: 1751.58 | D12: 2261.63 | E12: 2528.74 | F12: 2648.93 | G12: 4005.17 | H12: 4377.1 | I12: 4982.54 | J12: 5841.24 | K12: 7757.28
A13: 安徽 | B13: 1377.14 | C13: 1921.8 | D13: 1967.69 | E13: 1951.23 | F13: 2103.18 | G13: 2231.3 | H13: 2734.4 | I13: 3647.18 | J13: 3944.22 | K13: 4987.11
... A31: 新疆 | B31: 386.41 | C31: 562.21 | D31: 272.62 | E31: 300.11 | F31: 580.91 | G31: 764.86 | H31: 722.7 | I31: 871.45 | J31: 1432.31 | K31: 2505.32
