Workbook

Sheet 表1
A1: 地区 | B1: 年份 | C1: 技术市场成交额 | D1: 行政区域 | E1: id
A2: 北京 | B2: 2014 | C2: 31371854 | D2: =VLOOKUP(表1_[[#This Row],[地区]],Sheet2!A:B,2,0) -> 110000 | E2: =表1_[[#This Row],[年份]]+表1_[[#This Row],[行政区域]] -> 112014
A3: 北京 | B3: 2015 | C3: 34538855 | D3: =VLOOKUP(表1_[[#This Row],[地区]],Sheet2!A:B,2,0) -> 110000 | E3: =表1_[[#This Row],[年份]]+表1_[[#This Row],[行政区域]] -> 112015
A4: 北京 | B4: 2016 | C4: 39409752 | D4: =VLOOKUP(表1_[[#This Row],[地区]],Sheet2!A:B,2,0) -> 110000 | E4: =表1_[[#This Row],[年份]]+表1_[[#This Row],[行政区域]] -> 112016
A5: 北京 | B5: 2017 | C5: 44868872 | D5: =VLOOKUP(表1_[[#This Row],[地区]],Sheet2!A:B,2,0) -> 110000 | E5: =表1_[[#This Row],[年份]]+表1_[[#This Row],[行政区域]] -> 112017
A6: 北京 | B6: 2018 | C6: 49578246 | D6: =VLOOKUP(表1_[[#This Row],[地区]],Sheet2!A:B,2,0) -> 110000 | E6: =表1_[[#This Row],[年份]]+表1_[[#This Row],[行政区域]] -> 112018
A7: 北京 | B7: 2019 | C7: 56952843 | D7: =VLOOKUP(表1_[[#This Row],[地区]],Sheet2!A:B,2,0) -> 110000 | E7: =表1_[[#This Row],[年份]]+表1_[[#This Row],[行政区域]] -> 112019
A8: 北京 | B8: 2020 | C8: 63161622 | D8: =VLOOKUP(表1_[[#This Row],[地区]],Sheet2!A:B,2,0) -> 110000 | E8: =表1_[[#This Row],[年份]]+表1_[[#This Row],[行政区域]] -> 112020
A9: 北京 | B9: 2021 | C9: 70056517 | D9: =VLOOKUP(表1_[[#This Row],[地区]],Sheet2!A:B,2,0) -> 110000 | E9: =表1_[[#This Row],[年份]]+表1_[[#This Row],[行政区域]] -> 112021
A10: 北京 | B10: 2022 | C10: 79475111 | D10: =VLOOKUP(表1_[[#This Row],[地区]],Sheet2!A:B,2,0) -> 110000 | E10: =表1_[[#This Row],[年份]]+表1_[[#This Row],[行政区域]] -> 112022
A11: 北京 | B11: 2023 | C11: 85369394 | D11: =VLOOKUP(表1_[[#This Row],[地区]],Sheet2!A:B,2,0) -> 110000 | E11: =表1_[[#This Row],[年份]]+表1_[[#This Row],[行政区域]] -> 112023
A12: 天津 | B12: 2014 | C12: 3885631 | D12: =VLOOKUP(表1_[[#This Row],[地区]],Sheet2!A:B,2,0) -> 120000 | E12: =表1_[[#This Row],[年份]]+表1_[[#This Row],[行政区域]] -> 122014
A13: 天津 | B13: 2015 | C13: 5034368.7 | D13: =VLOOKUP(表1_[[#This Row],[地区]],Sheet2!A:B,2,0) -> 120000 | E13: =表1_[[#This Row],[年份]]+表1_[[#This Row],[行政区域]] -> 122015
... A301: 新疆 | B301: 2023 | C301: 735844 | D301: =VLOOKUP(表1_[[#This Row],[地区]],Sheet2!A:B,2,0) -> 650000 | E301: =表1_[[#This Row],[年份]]+表1_[[#This Row],[行政区域]] -> 652023

Sheet Sheet2
A1: 省份 | B1: 行政区划代码
A2: 北京 | B2: 110000
A3: 天津 | B3: 120000
A4: 河北 | B4: 130000
A5: 山西 | B5: 140000
A6: 内蒙古 | B6: 150000
A7: 辽宁 | B7: 210000
A8: 吉林 | B8: 220000
A9: 黑龙江 | B9: 230000
A10: 上海 | B10: 310000
A11: 江苏 | B11: 320000
A12: 浙江 | B12: 330000
A13: 安徽 | B13: 340000
... A31: 新疆 | B31: 650000

Sheet Sheet1
A1: 地区 | B1: 2014 | C1: 2015 | D1: 2016 | E1: 2017 | F1: 2018 | G1: 2019 | H1: 2020 | I1: 2021 | J1: 2022 | K1: 2023
A2: 北京 | B2: 31371854 | C2: 34538855 | D2: 39409752 | E2: 44868872 | F2: 49578246 | G2: 56952843 | H2: 63161622 | I2: 70056517 | J2: 79475111 | K2: 85369394
A3: 天津 | B3: 3885631 | C3: 5034368.7 | D3: 5526360.7 | E3: 5514410.5 | F3: 6855875.4 | G3: 9092549.4 | H3: 10895598 | I3: 12568262 | J3: 16508667 | K3: 19285572
A4: 河北 | B4: 292228.38 | C4: 395437.7 | D4: 589959.28 | E4: 889244.7 | F4: 2759840.1 | G4: 3811904.4 | H4: 5549645.9 | I4: 7473181.7 | J4: 10038253 | K4: 17830882
A5: 山西 | B5: 484595.04 | C5: 512007.14 | D5: 425621.67 | E5: 941470.77 | F5: 1507566.6 | G5: 1095226.9 | H5: 449790.7 | I5: 1344736.6 | J5: 1614346 | K5: 2238585
A6: 内蒙古 | B6: 139393.15 | C6: 153871.52 | D6: 120492.04 | E6: 196086.81 | F6: 198398.31 | G6: 224792.6 | H6: 359540.31 | I6: 411477.75 | J6: 512988 | K6: 609824
A7: 辽宁 | B7: 2174648 | C7: 2674926.9 | D7: 3232179.6 | E7: 3858316.8 | F7: 4744910.3 | G7: 5575904.1 | H7: 6328126.4 | I7: 7551239.8 | J7: 9713459 | K7: 12890739
A8: 吉林 | B8: 285755.96 | C8: 264697.1 | D8: 1164197.8 | E8: 2199199.5 | F8: 3419460.3 | G8: 4741326.9 | H8: 4621541.2 | I8: 1081467.5 | J8: 369481 | K8: 839977
A9: 黑龙江 | B9: 1202775.8 | C9: 1272637.3 | D9: 1258091.1 | E9: 1467120.9 | F9: 1659200.4 | G9: 2328823.5 | H9: 2652015 | I9: 3501427.6 | J9: 4601814 | K9: 1128827
A10: 上海 | B10: 5924480.9 | C10: 6637838 | D10: 7809858.1 | E10: 8106176.5 | F10: 12251857 | G10: 14223539 | H10: 15832248 | I10: 25454910 | J10: 38707329 | K10: 46423364
A11: 江苏 | B11: 5431585.2 | C11: 5729178.2 | D11: 6356424.8 | E11: 7784223.3 | F11: 9914474.9 | G11: 14715193 | H11: 20878468 | I11: 26061663 | J11: 29867776 | K11: 33310038
A12: 浙江 | B12: 872527.08 | C12: 980965.54 | D12: 1983716.2 | E12: 3247309.7 | F12: 5906640.8 | G12: 8880077.9 | H12: 14033228 | I12: 18557774 | J12: 24350738 | K12: 43237082
A13: 安徽 | B13: 1698312.5 | C13: 1904669.3 | D13: 2173748.5 | E13: 2495696.6 | F13: 3213130.6 | G13: 4496068.2 | H13: 6595728.1 | I13: 17877084 | J13: 28754545 | K13: 35975671
... A31: 新疆 | B31: 28223.43 | C31: 30321.57 | D31: 42754.61 | E31: 57553.53 | F31: 39214.67 | G31: 78213.55 | H31: 151122.96 | I31: 188537.38 | J31: 311791 | K31: 735844
